<?xml version="1.0" encoding="UTF-8"?>
<interface>
	<object class="GtkMenu" id="menu">
		<child>
			<object class="GtkMenuItem" id="logout">
				<property name="label">Logout</property>
			</object>
		</child>
		<child>
			<object class="GtkSeparatorMenuItem" id="delimiter1"/>
		</child>
		<child>
			<object class="GtkMenuItem" id="shutdown">
				<property name="label">Shutdown</property>
			</object>
		</child>
		<child>
			<object class="GtkMenuItem" id="reboot">
				<property name="label">Reboot</property>
			</object>
		</child>
    </object>
</interface>

